{
	"credit": "Made with Blockbench",
	"texture_size": [32, 32],
	"textures": {
		"0": "block/spikes",
		"particle": "block/spikes"
	},
	"elements": [
		{
			"from": [0, 0, 0],
			"to": [16, 2, 16],
			"faces": {
				"north": {"uv": [8, 0, 16, 2], "texture": "#0"},
				"east": {"uv": [8, 2, 16, 4], "texture": "#0"},
				"south": {"uv": [8, 4, 16, 6], "texture": "#0"},
				"west": {"uv": [8, 6, 16, 8], "texture": "#0"},
				"up": {"uv": [8, 8, 0, 0], "texture": "#0"},
				"down": {"uv": [8, 8, 0, 16], "texture": "#0"}
			}
		},
		{
			"from": [2, 2, 2],
			"to": [5, 4, 5],
			"faces": {
				"north": {"uv": [8, 8, 9, 9.5], "texture": "#0"},
				"east": {"uv": [8, 8, 9, 9.5], "texture": "#0"},
				"south": {"uv": [8, 8, 9, 9.5], "texture": "#0"},
				"west": {"uv": [8, 8, 9, 9.5], "texture": "#0"},
				"up": {"uv": [8, 8, 9, 9], "texture": "#0"},
				"down": {"uv": [8, 8, 9, 9], "texture": "#0"}
			}
		},
		{
			"from": [2.5, 4, 2.5],
			"to": [4.5, 6, 4.5],
			"faces": {
				"north": {"uv": [8, 8, 9, 9.5], "texture": "#0"},
				"east": {"uv": [8, 8, 9, 9.5], "texture": "#0"},
				"south": {"uv": [8, 8, 9, 9.5], "texture": "#0"},
				"west": {"uv": [8, 8, 9, 9.5], "texture": "#0"},
				"up": {"uv": [8, 8, 9, 9], "texture": "#0"},
				"down": {"uv": [8, 8, 9, 9], "texture": "#0"}
			}
		},
		{
			"from": [3, 6, 3],
			"to": [4, 8, 4],
			"faces": {
				"north": {"uv": [8, 8, 9, 9.5], "texture": "#0"},
				"east": {"uv": [8, 8, 9, 9.5], "texture": "#0"},
				"south": {"uv": [8, 8, 9, 9.5], "texture": "#0"},
				"west": {"uv": [8, 8, 9, 9.5], "texture": "#0"},
				"up": {"uv": [8, 8, 9, 9], "texture": "#0"},
				"down": {"uv": [8, 8, 9, 9], "texture": "#0"}
			}
		},
		{
			"from": [2, 2, 11],
			"to": [5, 4, 14],
			"faces": {
				"north": {"uv": [8, 8, 9, 9.5], "texture": "#0"},
				"east": {"uv": [8, 8, 9, 9.5], "texture": "#0"},
				"south": {"uv": [8, 8, 9, 9.5], "texture": "#0"},
				"west": {"uv": [8, 8, 9, 9.5], "texture": "#0"},
				"up": {"uv": [8, 8, 9, 9], "texture": "#0"},
				"down": {"uv": [8, 8, 9, 9], "texture": "#0"}
			}
		},
		{
			"from": [2.5, 4, 11.5],
			"to": [4.5, 6, 13.5],
			"faces": {
				"north": {"uv": [8, 8, 9, 9.5], "texture": "#0"},
				"east": {"uv": [8, 8, 9, 9.5], "texture": "#0"},
				"south": {"uv": [8, 8, 9, 9.5], "texture": "#0"},
				"west": {"uv": [8, 8, 9, 9.5], "texture": "#0"},
				"up": {"uv": [8, 8, 9, 9], "texture": "#0"},
				"down": {"uv": [8, 8, 9, 9], "texture": "#0"}
			}
		},
		{
			"from": [3, 6, 12],
			"to": [4, 8, 13],
			"faces": {
				"north": {"uv": [8, 8, 9, 9.5], "texture": "#0"},
				"east": {"uv": [8, 8, 9, 9.5], "texture": "#0"},
				"south": {"uv": [8, 8, 9, 9.5], "texture": "#0"},
				"west": {"uv": [8, 8, 9, 9.5], "texture": "#0"},
				"up": {"uv": [8, 8, 9, 9], "texture": "#0"},
				"down": {"uv": [8, 8, 9, 9], "texture": "#0"}
			}
		},
		{
			"from": [2, 2, 6.5],
			"to": [5, 4, 9.5],
			"faces": {
				"north": {"uv": [8, 8, 9, 9.5], "texture": "#0"},
				"east": {"uv": [8, 8, 9, 9.5], "texture": "#0"},
				"south": {"uv": [8, 8, 9, 9.5], "texture": "#0"},
				"west": {"uv": [8, 8, 9, 9.5], "texture": "#0"},
				"up": {"uv": [8, 8, 9, 9], "texture": "#0"},
				"down": {"uv": [8, 8, 9, 9], "texture": "#0"}
			}
		},
		{
			"from": [2.5, 4, 7],
			"to": [4.5, 6, 9],
			"faces": {
				"north": {"uv": [8, 8, 9, 9.5], "texture": "#0"},
				"east": {"uv": [8, 8, 9, 9.5], "texture": "#0"},
				"south": {"uv": [8, 8, 9, 9.5], "texture": "#0"},
				"west": {"uv": [8, 8, 9, 9.5], "texture": "#0"},
				"up": {"uv": [8, 8, 9, 9], "texture": "#0"},
				"down": {"uv": [8, 8, 9, 9], "texture": "#0"}
			}
		},
		{
			"from": [3, 6, 7.5],
			"to": [4, 8, 8.5],
			"faces": {
				"north": {"uv": [8, 8, 9, 9.5], "texture": "#0"},
				"east": {"uv": [8, 8, 9, 9.5], "texture": "#0"},
				"south": {"uv": [8, 8, 9, 9.5], "texture": "#0"},
				"west": {"uv": [8, 8, 9, 9.5], "texture": "#0"},
				"up": {"uv": [8, 8, 9, 9], "texture": "#0"},
				"down": {"uv": [8, 8, 9, 9], "texture": "#0"}
			}
		},
		{
			"from": [11, 2, 2],
			"to": [14, 4, 5],
			"faces": {
				"north": {"uv": [8, 8, 9, 9.5], "texture": "#0"},
				"east": {"uv": [8, 8, 9, 9.5], "texture": "#0"},
				"south": {"uv": [8, 8, 9, 9.5], "texture": "#0"},
				"west": {"uv": [8, 8, 9, 9.5], "texture": "#0"},
				"up": {"uv": [8, 8, 9, 9], "texture": "#0"},
				"down": {"uv": [8, 8, 9, 9], "texture": "#0"}
			}
		},
		{
			"from": [11.5, 4, 2.5],
			"to": [13.5, 6, 4.5],
			"faces": {
				"north": {"uv": [8, 8, 9, 9.5], "texture": "#0"},
				"east": {"uv": [8, 8, 9, 9.5], "texture": "#0"},
				"south": {"uv": [8, 8, 9, 9.5], "texture": "#0"},
				"west": {"uv": [8, 8, 9, 9.5], "texture": "#0"},
				"up": {"uv": [8, 8, 9, 9], "texture": "#0"},
				"down": {"uv": [8, 8, 9, 9], "texture": "#0"}
			}
		},
		{
			"from": [12, 6, 3],
			"to": [13, 8, 4],
			"faces": {
				"north": {"uv": [8, 8, 9, 9.5], "texture": "#0"},
				"east": {"uv": [8, 8, 9, 9.5], "texture": "#0"},
				"south": {"uv": [8, 8, 9, 9.5], "texture": "#0"},
				"west": {"uv": [8, 8, 9, 9.5], "texture": "#0"},
				"up": {"uv": [8, 8, 9, 9], "texture": "#0"},
				"down": {"uv": [8, 8, 9, 9], "texture": "#0"}
			}
		},
		{
			"from": [11, 2, 11],
			"to": [14, 4, 14],
			"faces": {
				"north": {"uv": [8, 8, 9, 9.5], "texture": "#0"},
				"east": {"uv": [8, 8, 9, 9.5], "texture": "#0"},
				"south": {"uv": [8, 8, 9, 9.5], "texture": "#0"},
				"west": {"uv": [8, 8, 9, 9.5], "texture": "#0"},
				"up": {"uv": [8, 8, 9, 9], "texture": "#0"},
				"down": {"uv": [8, 8, 9, 9], "texture": "#0"}
			}
		},
		{
			"from": [11.5, 4, 11.5],
			"to": [13.5, 6, 13.5],
			"faces": {
				"north": {"uv": [8, 8, 9, 9.5], "texture": "#0"},
				"east": {"uv": [8, 8, 9, 9.5], "texture": "#0"},
				"south": {"uv": [8, 8, 9, 9.5], "texture": "#0"},
				"west": {"uv": [8, 8, 9, 9.5], "texture": "#0"},
				"up": {"uv": [8, 8, 9, 9], "texture": "#0"},
				"down": {"uv": [8, 8, 9, 9], "texture": "#0"}
			}
		},
		{
			"from": [12, 6, 12],
			"to": [13, 8, 13],
			"faces": {
				"north": {"uv": [8, 8, 9, 9.5], "texture": "#0"},
				"east": {"uv": [8, 8, 9, 9.5], "texture": "#0"},
				"south": {"uv": [8, 8, 9, 9.5], "texture": "#0"},
				"west": {"uv": [8, 8, 9, 9.5], "texture": "#0"},
				"up": {"uv": [8, 8, 9, 9], "texture": "#0"},
				"down": {"uv": [8, 8, 9, 9], "texture": "#0"}
			}
		},
		{
			"from": [6.5, 2, 6.5],
			"to": [9.5, 4, 9.5],
			"faces": {
				"north": {"uv": [8, 8, 9, 9.5], "texture": "#0"},
				"east": {"uv": [8, 8, 9, 9.5], "texture": "#0"},
				"south": {"uv": [8, 8, 9, 9.5], "texture": "#0"},
				"west": {"uv": [8, 8, 9, 9.5], "texture": "#0"},
				"up": {"uv": [8, 8, 9, 9], "texture": "#0"},
				"down": {"uv": [8, 8, 9, 9], "texture": "#0"}
			}
		},
		{
			"from": [7, 4, 7],
			"to": [9, 6, 9],
			"faces": {
				"north": {"uv": [8, 8, 9, 9.5], "texture": "#0"},
				"east": {"uv": [8, 8, 9, 9.5], "texture": "#0"},
				"south": {"uv": [8, 8, 9, 9.5], "texture": "#0"},
				"west": {"uv": [8, 8, 9, 9.5], "texture": "#0"},
				"up": {"uv": [8, 8, 9, 9], "texture": "#0"},
				"down": {"uv": [8, 8, 9, 9], "texture": "#0"}
			}
		},
		{
			"from": [7.5, 6, 7.5],
			"to": [8.5, 8, 8.5],
			"faces": {
				"north": {"uv": [8, 8, 9, 9.5], "texture": "#0"},
				"east": {"uv": [8, 8, 9, 9.5], "texture": "#0"},
				"south": {"uv": [8, 8, 9, 9.5], "texture": "#0"},
				"west": {"uv": [8, 8, 9, 9.5], "texture": "#0"},
				"up": {"uv": [8, 8, 9, 9], "texture": "#0"},
				"down": {"uv": [8, 8, 9, 9], "texture": "#0"}
			}
		},
		{
			"from": [11, 2, 6.5],
			"to": [14, 4, 9.5],
			"faces": {
				"north": {"uv": [8, 8, 9, 9.5], "texture": "#0"},
				"east": {"uv": [8, 8, 9, 9.5], "texture": "#0"},
				"south": {"uv": [8, 8, 9, 9.5], "texture": "#0"},
				"west": {"uv": [8, 8, 9, 9.5], "texture": "#0"},
				"up": {"uv": [8, 8, 9, 9], "texture": "#0"},
				"down": {"uv": [8, 8, 9, 9], "texture": "#0"}
			}
		},
		{
			"from": [11.5, 4, 7],
			"to": [13.5, 6, 9],
			"faces": {
				"north": {"uv": [8, 8, 9, 9.5], "texture": "#0"},
				"east": {"uv": [8, 8, 9, 9.5], "texture": "#0"},
				"south": {"uv": [8, 8, 9, 9.5], "texture": "#0"},
				"west": {"uv": [8, 8, 9, 9.5], "texture": "#0"},
				"up": {"uv": [8, 8, 9, 9], "texture": "#0"},
				"down": {"uv": [8, 8, 9, 9], "texture": "#0"}
			}
		},
		{
			"from": [12, 6, 7.5],
			"to": [13, 8, 8.5],
			"faces": {
				"north": {"uv": [8, 8, 9, 9.5], "texture": "#0"},
				"east": {"uv": [8, 8, 9, 9.5], "texture": "#0"},
				"south": {"uv": [8, 8, 9, 9.5], "texture": "#0"},
				"west": {"uv": [8, 8, 9, 9.5], "texture": "#0"},
				"up": {"uv": [8, 8, 9, 9], "texture": "#0"},
				"down": {"uv": [8, 8, 9, 9], "texture": "#0"}
			}
		},
		{
			"from": [6.5, 2, 11],
			"to": [9.5, 4, 14],
			"faces": {
				"north": {"uv": [8, 8, 9, 9.5], "texture": "#0"},
				"east": {"uv": [8, 8, 9, 9.5], "texture": "#0"},
				"south": {"uv": [8, 8, 9, 9.5], "texture": "#0"},
				"west": {"uv": [8, 8, 9, 9.5], "texture": "#0"},
				"up": {"uv": [8, 8, 9, 9], "texture": "#0"},
				"down": {"uv": [8, 8, 9, 9], "texture": "#0"}
			}
		},
		{
			"from": [7, 4, 11.5],
			"to": [9, 6, 13.5],
			"faces": {
				"north": {"uv": [8, 8, 9, 9.5], "texture": "#0"},
				"east": {"uv": [8, 8, 9, 9.5], "texture": "#0"},
				"south": {"uv": [8, 8, 9, 9.5], "texture": "#0"},
				"west": {"uv": [8, 8, 9, 9.5], "texture": "#0"},
				"up": {"uv": [8, 8, 9, 9], "texture": "#0"},
				"down": {"uv": [8, 8, 9, 9], "texture": "#0"}
			}
		},
		{
			"from": [7.5, 6, 12],
			"to": [8.5, 8, 13],
			"faces": {
				"north": {"uv": [8, 8, 9, 9.5], "texture": "#0"},
				"east": {"uv": [8, 8, 9, 9.5], "texture": "#0"},
				"south": {"uv": [8, 8, 9, 9.5], "texture": "#0"},
				"west": {"uv": [8, 8, 9, 9.5], "texture": "#0"},
				"up": {"uv": [8, 8, 9, 9], "texture": "#0"},
				"down": {"uv": [8, 8, 9, 9], "texture": "#0"}
			}
		},
		{
			"from": [6.5, 2, 2],
			"to": [9.5, 4, 5],
			"faces": {
				"north": {"uv": [8, 8, 9, 9.5], "texture": "#0"},
				"east": {"uv": [8, 8, 9, 9.5], "texture": "#0"},
				"south": {"uv": [8, 8, 9, 9.5], "texture": "#0"},
				"west": {"uv": [8, 8, 9, 9.5], "texture": "#0"},
				"up": {"uv": [8, 8, 9, 9], "texture": "#0"},
				"down": {"uv": [8, 8, 9, 9], "texture": "#0"}
			}
		},
		{
			"from": [7, 4, 2.5],
			"to": [9, 6, 4.5],
			"faces": {
				"north": {"uv": [8, 8, 9, 9.5], "texture": "#0"},
				"east": {"uv": [8, 8, 9, 9.5], "texture": "#0"},
				"south": {"uv": [8, 8, 9, 9.5], "texture": "#0"},
				"west": {"uv": [8, 8, 9, 9.5], "texture": "#0"},
				"up": {"uv": [8, 8, 9, 9], "texture": "#0"},
				"down": {"uv": [8, 8, 9, 9], "texture": "#0"}
			}
		},
		{
			"from": [7.5, 6, 3],
			"to": [8.5, 8, 4],
			"faces": {
				"north": {"uv": [8, 8, 9, 9.5], "texture": "#0"},
				"east": {"uv": [8, 8, 9, 9.5], "texture": "#0"},
				"south": {"uv": [8, 8, 9, 9.5], "texture": "#0"},
				"west": {"uv": [8, 8, 9, 9.5], "texture": "#0"},
				"up": {"uv": [8, 8, 9, 9], "texture": "#0"},
				"down": {"uv": [8, 8, 9, 9], "texture": "#0"}
			}
		}
	],
	"groups": [
		0,
		{
			"name": "group",
			"origin": [0, 0, 0],
			"color": 0,
			"children": [1, 2, 3]
		},
		{
			"name": "group",
			"origin": [0, 0, 0],
			"color": 0,
			"children": [4, 5, 6]
		},
		{
			"name": "group",
			"origin": [0, 0, 0],
			"color": 0,
			"children": [7, 8, 9]
		},
		{
			"name": "group",
			"origin": [0, 0, 0],
			"color": 0,
			"children": [10, 11, 12]
		},
		{
			"name": "group",
			"origin": [0, 0, 0],
			"color": 0,
			"children": [13, 14, 15]
		},
		{
			"name": "group",
			"origin": [0, 0, 0],
			"color": 0,
			"children": [16, 17, 18]
		},
		{
			"name": "group",
			"origin": [0, 0, 0],
			"color": 0,
			"children": [19, 20, 21]
		},
		{
			"name": "group",
			"origin": [0, 0, 0],
			"color": 0,
			"children": [22, 23, 24]
		},
		{
			"name": "group",
			"origin": [0, 0, 0],
			"color": 0,
			"children": [25, 26, 27]
		}
	]
}